{
  "project_info": {
    "project_number": "301058169567",
    "project_id": "videoplayerconsole"
  },
  "client": [
    {
      "client_info": {
        "mobilesdk_app_id": "1:301058169567:android:f89264b6758e0a29",
        "android_client_info": {
          "package_name": "area51.videoplayer"
        }
      },
      "oauth_client": [],
      "api_key": [
        {
          "current_key": "AIzaSyB13bNZKB1gwKNb24I_RFcqD8XhEuEWHMw"
        }
      ],
      "services": {
        "analytics_service": {
          "status": 2,
          "analytics_property": {
            "tracking_id": "UA-90372819-1"
          }
        },
        "appinvite_service": {
          "status": 1,
          "other_platform_oauth_client": []
        },
        "ads_service": {
          "status": 1
        }
      }
    }
  ],
  "configuration_version": "1"
}